feature_value,class
-0.5471598803208215,2
3.042139225523659,2
0.06674990640599271,1
-0.7209767905377884,1
1.4127893424151678,2
2.95799240862437,2
-2.908412397743993,2
0.9929469710281646,1
0.9297846875614313,1
-3.0223573982441874,2
-0.02810967984818813,1
1.3433494388576301,1
0.3295683227752699,1
0.005531249930012971,2
2.3995896540760118,1
0.9595948953373228,2
4.297548145199606,2
1.8466004669017038,1
3.2291193232773243,2
0.5234222369183295,1
0.47152306233719765,2
-0.27647726634011516,1
3.066410101151407,2
-0.5209948964085043,1
0.6563204187392486,2
2.297077353332523,1
1.9476323580930255,2
-0.8460470682069354,1
0.19358758645753132,1
-0.8813532455428361,1
-1.3272829660696719,1
0.9882550427617804,1
2.9946782576760063,2
-0.04144361527202278,1
0.43242239897816903,1
2.7797063140843736,2
1.8872072961683801,1
1.0114231231865531,1
0.085348267720596,1
0.9555679411318949,2
1.2124363437965926,1
1.8135381721197619,2
-0.43657977828386063,1
0.6661775583434797,1
-0.4614738439015673,1
1.111077071549393,1
-1.3434827796040318,1
2.362382014476843,2
1.183330625112079,1
0.8281194952055684,1
1.6230902781332803,1
0.014096719200833996,1
2.552153908013003,2
1.192291410045696,1
1.0091967198966334,2
2.0489353586253767,1
0.5812514648236291,2
0.13993668396870512,1
0.7754371214100415,1
1.5822689819641111,1
-0.6197712569064933,1
3.4311695316640884,1
0.7650779666897941,1
0.7637791537978684,1
1.5498294410824116,1
-0.01706582442989024,2
-0.4696144531332982,2
-0.8705521669053191,1
0.6138359312572278,1
0.13623512812682487,1
-0.4666243364572531,1
1.3458878123788933,1
0.89453786620918,1
1.3527128670630728,1
1.5918290904900614,1
-1.04331331537203,1
0.15682778431691785,1
0.0370538009704896,1
1.7855767913330813,1
0.6083839955302173,1
1.2693535071558946,1
2.138557202245566,2
0.7007209815188232,1
-0.07435157765313427,1
-2.355253181316081,1
0.7622471716378645,1
3.6137683301891155,2
0.563642467708505,1
1.6370731150953617,1
0.11348963056318168,1
0.8429084999553722,2
1.1643178774639238,1
0.6916368873940281,2
0.03232284249765688,1
5.300731654017689,2
0.4008757530279332,1
0.031089648415972393,2
2.589790438222281,1
0.14330010591516906,1
0.13255748424967834,1
0.07100286107255366,1
2.655458181163748,2
1.538717520820816,2
-0.46971713605625487,1
0.1738450466950492,1
-0.5734065798612171,2
0.11915394051776335,1
-1.2530265540948982,1
2.4339778922167437,2
1.627336458740818,2
-0.0778676432916523,2
1.581407212100535,1
2.7724146382475956,1
6.399912171270527,2
2.4931016474184147,2
1.5345530005693964,1
-0.3119445622075019,1
0.8662396754326784,2
1.809098519524686,2
1.0478745678200823,1
3.57928422929406,2
0.8505448802794522,1
-0.6614550476652279,1
-0.05601300615100979,1
0.15719794529673697,1
3.7056818386526515,2
-0.4748420241465504,1
2.1042347395544807,1
0.37844542755973687,2
-0.5907335211364984,1
-0.973247341240203,1
1.1756000258958204,2
0.5474423241765728,1
-0.3800020889001684,1
-0.6496726311090537,1
-0.20243070981511846,1
1.1976432269426245,1
-0.30098468065404316,1
-0.06875264698056016,1
1.1832156028465992,1
-1.1060549338238905,1
-0.9651542282431529,1
0.2762472209942654,1
3.119484677481446,2
0.34777728134151853,1
0.9213582363660385,1
0.6306441639812244,1
0.8362211353494988,1
1.7014161290321106,1
1.4447659239946502,1
0.16403819934465824,1
0.2605856167452718,2
-0.13910730004503735,2
2.9421863816881677,1
0.5696972882690368,1
0.48462664869408584,1
1.6929097727196805,1
-0.13634404918968945,1
-1.5298634419252766,2
-0.42721589126875315,2
0.7207062884709734,1
1.0912945336963182,1
0.29746211498991704,1
2.498830285798671,2
-1.16725510009582,1
2.8890920432503475,1
-0.5869385096867017,1
0.9413481433136727,1
-0.1822462735313234,1
1.147047219846891,1
3.6149534209848238,2
0.9048868125936229,1
-0.35287039969178824,1
-0.2914534908587564,1
-1.129243463067522,1
1.1092997297825842,1
0.36495631163470216,1
1.2359272457204926,1
-0.45279190449980466,1
0.7299978793685967,1
1.1605924971947035,1
2.149364056916573,1
-0.13713529664492308,2
2.124147014769153,1
-1.2756201631324475,2
0.46018725119325327,1
2.2197319890265224,1
0.5274143171876454,1
0.38399579708940207,1
-0.8198211612938766,2
-0.6310461722156726,1
0.07321571187007048,2
1.2728875353402458,1
1.0111755698033762,1
1.6666546320297622,1
0.019642389771193203,1
-0.3728030817816337,1
1.211217635693175,1
1.4269681517898392,2
1.6256962704474844,1
0.703541218151321,1
0.7403660042165374,1
-0.6223590739503713,1
3.2424759195660697,2
2.0149822115247593,2
1.694576729404625,1
2.9308233073774694,2
0.997820862904868,2
1.0162640549274824,1
-0.35661577157584845,2
0.2040301585395108,1
-0.5233734036620568,1
1.9613824732686436,1
1.169391132317576,2
-0.19485580759396748,1
0.24603196900416252,1
2.0299742895302653,2
-1.7093508059329405,1
-0.1684302832042035,1
1.2618224916146406,1
0.6426043530666312,1
2.1865912787218638,2
-1.4920291823515655,2
0.43301967224447363,1
-0.2889516686800102,2
0.45285524929810134,1
-0.9337435389263837,2
1.0606988241317388,1
-0.59458507171624,1
-0.4209448915250924,1
1.9139769690264892,2
0.32688918047031923,1
0.7093286383875588,1
0.9675327489222203,1
0.35619507602120754,1
0.7341501167055758,2
0.17020931402732487,1
-2.763664977571753,1
2.212553255265785,2
1.6043717998749674,1
1.63982274935119,1
0.021756214659955975,1
0.47152142742202846,1
0.4342806884455772,1
0.009525290431373956,1
1.414787659341569,1
-1.1484120894791692,1
-0.17544088441907646,1
3.1268481164475213,2
-0.936678333518818,1
2.630273428262753,1
1.3779942336681799,2
0.6542157143023042,1
-1.1668413812105307,1
1.2419079765609564,1
1.0502191113185617,2
-1.6493145955980766,1
1.5346895711753672,1
1.1262357678089496,1
0.47743519781516675,1
0.5446752013330282,1
0.9275831659292815,2
-1.528411155956483,1
0.5925840648580649,2
0.36530064562773035,1
0.4176076374249643,1
1.5145396451763733,2
-3.4514934044512957,2
1.63634229851439,2
2.1147004852819475,2
1.200423343068509,1
1.4562945868513422,1
0.9473781318896038,1
0.2479352780429584,1
0.5149125268569065,1
4.0929371747440495,2
1.2126939257554106,2
0.14719821128720367,2
-1.5773800048468498,2
1.5269756811335216,1
0.9229580394078863,1
1.35693225163515,1
0.48965734395124216,1
-0.7134653971058031,1
1.956235178082364,1
2.7701558124580865,2
2.005791169725347,2
-1.3936132028497075,2
0.5854771227409097,1
4.361858171896708,2
3.1931761435288384,2
1.1122492407134397,1
-0.9214240593701413,2
-0.8046178797328227,2
-0.30013537883764585,1
1.2928251308664473,1
-0.09845033265150627,1
1.77784048512992,1
0.9899520432311022,1
3.7033691049216766,2
-0.7123717882486587,1
-0.042604298735491763,1
-0.07471131420524857,1
0.24371874764265122,1
3.2928424430269243,2
1.9082551421694054,1
0.6225249405029996,1
1.537261292426013,2
0.049089786015460546,1
1.0690698660992697,1
-0.2656505895836222,1
1.109082350882697,1
2.5098471112988534,1
1.0946040178308283,2
-1.6933932803293925,1
0.37312896706591936,1
1.1611818415384825,1
1.188621342384915,1
-1.3523176548584288,1
3.4325057947402122,2
-1.4089953887593694,1
0.11912840638212258,1
2.3816572260742213,1
0.5144513300209389,1
0.49488738015874956,1
1.4003875085582904,1
0.8742282794148708,2
0.693668602743327,1
-0.189422192033604,1
1.6277388587758743,1
-1.4820381824897109,1
-1.1575565777197392,2
-0.015579029437112535,1
-1.9075134361382258,1
2.748058486806444,1
3.0713301108599285,2
0.6954733158959165,2
-0.6663891685513641,1
2.7569415282343064,1
4.868968039471669,2
1.1951834172495808,1
1.003661364730182,1
1.9899928426605802,1
5.270598814667421,2
-0.03908960390929028,1
0.6920769013583297,1
0.7485342649188871,1
0.008129675707827577,1
0.04378408071410611,2
4.135612843269513,2
2.326112344017915,2
-0.03829961849379471,1
-0.6300276281147164,2
0.4613824322179543,1
6.471102588084187,2
1.2786251958017796,1
2.5185173666916363,2
1.7668102961205316,2
-1.7681290174685054,2
0.5672216279441548,1
-1.6546778919842065,2
0.062117102245466294,1
0.5533622014867295,1
3.8908099241390626,2
0.3626909191120771,1
2.3242459258508443,2
1.4913559080172845,1
-1.2864634172982965,1
1.3164784444948348,1
-0.07121715623666602,1
0.6284493197177056,1
0.9173123396168072,1
0.04763465154939023,1
2.2431662739076836,1
0.49480715988662693,2
1.0515022474590419,1
1.2664765563886735,1
-0.4311672577163066,2
0.295162647083722,2
0.7467309342520392,1
1.6749660567305615,1
1.8722121033887986,1
1.1152136231800127,1
2.299203274576746,2
1.600930150824666,2
-0.4600865772122593,1
-0.5326673605797974,1
2.281774445858219,2
0.21610738976201282,1
1.0722554495387757,1
0.14362958518527236,1
3.5577760785169694,2
2.0332664534348397,1
1.176365210554944,1
0.27809319657597376,1
-2.710490095571997,1
0.9874644998610178,1
-4.15398804986336,2
0.6737776367850438,1
1.0345385579746162,1
0.9460253308718515,1
-0.19312289673277483,1
-1.0258901996911063,2
-0.2586244947559715,2
-0.283629697209956,1
0.4435253875458635,1
1.3697377578901406,1
-1.2143365365440482,1
-1.0633397220460825,2
1.2828431939336156,1
2.025658279842717,1
0.3306466165295238,1
0.35047529510774944,1
0.7311565562389465,1
2.2594989466589066,1
1.8357810381839899,1
1.2051321390120415,1
-2.4640218415798403,2
0.5978931930244341,2
2.8755601324246602,2
-0.8156452662340141,1
0.7255277183513194,1
-0.3529331246903358,2
-0.47102246817155524,1
-2.293882041751636,2
1.4654681109740504,1
-1.1869741127206428,1
2.2998283934378807,1
2.7108612693602367,2
1.7476970015253532,1
3.8656140412249385,2
1.5529099783786409,1
0.6468154483351634,2
2.34628366272569,1
0.9765762737982999,2
2.2866559446235186,2
-0.36843045301887734,1
3.593246788999845,2
0.21328182576124916,1
-0.024667176866365992,1
0.9310013938714075,1
-0.6104102052658822,1
0.3321748073216664,1
-0.6569280632613779,1
1.4527632684706115,1
0.38209832240024477,1
0.12877168125341099,1
-1.714974864489152,2
1.8446739408275432,1
0.7364316904051718,1
-0.6504304182838812,1
-0.605812281132486,1
0.8828197206782149,1
3.1665841412073545,2
0.4405489074457526,1
0.6349476585651406,2
0.8128229691520048,1
-0.24812204816366568,2
1.1757625059476413,1
1.1143970022120702,1
-1.6555510757035141,1
0.464614277787184,1
-0.5351842469806147,1
0.46395537330145753,1
-0.4311092626091533,2
3.672115478289036,2
-0.3750475906915711,1
0.9537835703233757,1
1.1413934292735757,1
1.7250103560303787,2
1.486620445635897,1
0.11371515502266721,1
-0.7454445418463569,2
0.38618036822017177,1
2.43041504687674,1
-1.5304811301985541,2
0.5615627934102453,1
-0.029350790226624346,1
-0.2576424623857245,2
2.2062147469108564,1
1.3696175009463567,1
-1.5828182470934826,2
1.5165960819604685,1
1.0846593131060993,2
1.0730731153874218,1
1.3481997488638156,1
1.4747155282775406,1
-0.7618975469159346,1
-1.1928553183472759,1
-1.2541389724791285,2
0.1351849123263823,1
-0.12176162648963185,1
1.3597723364705168,1
-0.5678231420720741,1
1.4805329778857577,1
-0.6388495327629811,1
0.9282910140709364,2
1.5485676861361957,1
0.4422967367261488,2
1.7871425357476793,1
0.0327131559169378,2
0.5373325638594744,1
-0.05361156031534531,1
1.7055602927789133,1
3.4883307488546675,2
3.835540456148828,2
1.4086316501912184,1
0.25036117617097464,1
-0.44044085536556987,1
0.4153959561552454,1
-0.3091138918042897,1
0.2734842840478593,2
1.0156145037006072,1
0.2534960021491329,1
0.1541878104329653,1
-1.1640241513835115,1
1.1242577638046516,1
1.6268848831864124,1
1.4192136306884335,1
1.2003381385232887,1
-0.12322788989944267,1
1.59889501473089,1
1.0028236617208077,1
-0.7264380241158535,1
0.21586072336856865,1
1.749656795984148,1
2.343885148652925,2
3.49209815515665,1
0.8684998725918659,1
1.0360804176343177,1
0.905074290217686,1
-0.21683790621131416,1
1.9402205422201024,1
-1.5535945841545065,1
2.0285076816572793,2
0.9513133175112891,1
-0.0820567102972608,1
-0.4902499070756714,1
-0.32986974214703213,1
1.647044602705536,1
0.9914871196258079,1
0.2000867222985626,2
-1.102365060150011,2
3.1426896169071776,2
0.9302773104835959,1
0.2372486419437667,1
0.4749577623673688,1
0.6344480186667002,1
-0.8982461836342293,2
-2.140221238010089,2
-0.958327456445931,1
0.6938557174422179,2
-2.820008692834244,2
1.0705799634985684,1
1.6202880632748353,1
1.0802365197682087,1
-2.0058893043727872,2
-0.061229251963313525,1
-0.28190953040651434,1
1.9376987608244878,1
2.0259501796952506,1
0.36750451832834674,1
0.056366143222063625,1
3.57651817551756,2
2.8203181513592095,1
0.2616082096631445,1
2.1830431202738505,2
-0.03680791757881041,1
1.1602819495346974,2
1.387868590481237,1
1.857740801756571,1
-0.2159145894707778,1
2.367589218806816,1
0.513994777267826,1
0.41871167336641574,1
2.103615212149889,2
2.1984534580644226,1
0.1957626448509202,2
1.3057101229431836,1
-0.18799168732397564,1
0.11037198711901419,1
1.5272939237737686,2
-0.15557833018753153,1
2.3096295380204763,2
0.10705626036287846,1
0.697659165484909,1
1.7963579273575727,1
1.0484611067437943,1
4.042620216433784,2
1.150960797716761,1
0.8784140830697156,1
-0.30877634400192866,1
0.842015559530229,1
1.7686927031358022,1
-1.3100951058651036,1
2.191661663853285,1
-0.0958581351834753,2
0.8826153121095719,1
1.213139731225398,1
1.217236864514154,1
-0.6978351235978839,2
-0.4265751359245298,1
0.2976139712825378,1
-1.3622463530339837,1
-0.6302962189788532,1
4.81479378656716,2
1.9578351486114913,2
2.080626581149329,1
0.715914647315282,1
-0.0793764374815149,1
0.11943305414883232,1
0.40818136512760084,1
1.214271816491643,1
1.5558907827718071,1
-0.0552426017533284,1
1.5725835327475872,2
0.7809277395264207,2
1.258354918702796,2
-1.0919618592872204,2
4.634923426478606,2
-0.8399104234582866,2
0.5664169096365063,1
0.5726980638236108,1
0.7695049748735856,1
1.9676350373679852,1
-1.5217728718066441,1
0.10835423529585214,1
2.3734128957886185,1
-0.5763847628179679,1
0.33396395375411236,1
1.7928399654544198,2
1.6940724903465472,1
-0.3391539406714208,1
-0.14857884077639283,1
1.504506945648981,1
0.6751881217074408,1
1.415730949158247,1
-0.2217277955428526,1
1.0160056237628905,1
0.12261503032056054,1
-1.9661449052379383,2
1.5272419212115271,2
-0.14959258545092702,1
1.2705597047540103,1
1.4431584823623147,2
3.948191636058098,2
2.7232670502435785,2
1.6857540539070515,1
-1.3452163876495589,2
-0.9404136057890529,1
-0.9967772022876085,1
0.4598956020477055,1
-3.2177452632337253,2
2.3754269352949855,1
-0.9472329089729576,1
2.2969706400555934,2
0.10110176386928343,1
5.168615154709477,2
-0.47164079723164287,1
4.796408116758771,2
2.549078062870015,2
1.1006732578377034,2
0.08151886374239375,1
-1.1191663654086055,2
1.7175002161712396,1
-3.966634847444066,2
3.7137827738653666,1
-1.8372659060167669,1
0.5533285587540964,1
1.432359228463849,1
1.248982711182306,1
0.05206191094766566,1
0.23764544116524056,1
0.8176306247469598,2
1.0971070753554595,1
1.611729838472948,1
0.1028573810912502,1
4.679172401658643,2
0.9400603264709271,1
1.6608554141004355,1
0.432223598786032,2
0.11039584617979431,1
0.1308745072974702,2
0.751828305878047,1
2.0536388535229904,2
2.0472490055106722,1
-1.878036123223668,2
-0.2188713303649661,1
-0.34621537742711106,1
0.19622838819992183,1
1.619590328445488,1
0.5431724856477798,2
0.012587332478477042,1
-3.9716512389985263,2
1.8715965921925724,1
-1.6180229012308254,2
-2.4839950845222063,2
2.609425801766589,1
0.6293156701987694,1
-0.09307721972416949,1
0.21005098416135487,1
-0.5846225029583167,1
-1.1625263950903162,1
2.250345978028273,2
1.842505628053793,1
-1.4203030351086983,1
-1.1768083255833839,1
0.2249642888479998,1
-0.11023556225233766,2
-0.9421694994204814,1
0.8929203485968857,1
2.362512745450997,1
0.5628836117325846,2
-0.18549277345067428,1
0.13262951039579457,1
0.5586521718566952,1
1.187632983296874,1
1.2974179501342298,1
-2.1431884273324675,2
1.1242844165671189,2
-1.747078210510121,2
0.42384572121655484,1
0.37825082620825445,2
-0.7715477475404293,1
1.042766686153008,2
1.7837638227995345,1
1.1792909490125456,1
1.7069878527923446,2
-0.3483413457891449,1
1.9230635913087835,1
0.3848805634930957,1
-1.732836007925667,1
2.156388423664728,2
-0.544422306070933,2
1.1083353526000668,1
1.763538608725487,1
2.319453672197586,1
-0.8264958467368184,1
1.7048811895778284,1
1.287755199623789,1
1.3476553102478803,1
1.1485218264600283,1
-0.3755391883536443,1
1.216733415042519,1
-0.3386015242207313,1
-1.1760310557787377,2
-0.3060585416414382,1
4.4248644963367045,2
1.1652388244185965,1
2.1516337813766286,1
0.1946799907681489,1
2.5114631820467217,1
0.31186103110777597,1
1.9025097463154934,1
0.9791753885738468,1
0.7748005171590768,1
0.5589133790703624,2
-1.0584020954178355,1
1.15225258225294,1
4.4623529428238715,2
-1.6858003041650282,2
1.4955397757271927,1
-0.45192160125762326,1
0.4807695806471556,2
-0.4698602540286345,1
2.102354400483799,1
1.416503031204581,2
0.010742737944375025,1
0.21610321368509372,1
0.68424739815691,1
0.4686398198640559,1
0.18138494811565947,1
4.5238444338003,2
-0.9763719578222787,2
0.8749279247368948,1
1.32151142265535,1
2.080030570409834,2
1.08402342500108,2
1.523893496682984,1
0.9373339368448694,1
0.044830784124511136,1
1.1940944556833133,2
0.44438347044618914,1
1.1720961242383867,2
0.09530435907528789,1
0.07313822731155939,1
0.28583737642291607,1
1.5603906531045233,2
2.5323932036968726,2
-2.367772135939893,1
0.6741639141943863,1
1.1166390625733378,1
-0.6751635095960411,2
0.3277795308232382,1
-0.07118378479513421,1
3.122778858924824,2
1.5361909342453541,1
0.785547439412293,1
0.6296227424907259,1
-0.1555168143599197,1
0.5065362299135677,1
0.19175949641509832,1
3.2508408077463717,1
-0.5650317998602392,1
-0.6990634180774342,1
0.03678671608099432,1
1.3109492832268612,1
-0.1277085375019228,1
1.7381931837766929,2
1.3847768212849574,1
1.4316484070050133,1
0.5108501530690253,1
0.03614534052609203,1
-0.05160190983917845,1
0.44143770363999274,1
0.12939620010763236,1
-1.7314504056048485,2
0.796225643721449,1
-0.6326596144933019,1
1.6835800399923946,2
1.8295567651437548,1
-0.9198879950626608,1
0.5184589048885263,1
1.7545438640312918,1
1.2912413075112048,1
0.6980721521358456,1
0.11776819813866513,1
1.6221986605452243,1
-0.7727426574484444,1
0.04663696147179608,1
-0.9216396594922618,2
-1.3356328842234049,1
-1.5277901760651749,1
0.8619695404030355,1
1.3016149670291755,2
0.5839334275385721,1
3.06105246042494,2
0.8879345329590056,1
1.0074196695364495,1
1.266378143626232,1
1.129962928912396,1
1.5902620328108867,1
0.16840401150810702,2
0.23500926060300487,1
1.6139989988300931,1
1.4413017583788017,1
0.04646615618551042,1
0.151991901168681,2
1.238987718730156,1
1.534392645166822,1
0.30086318552277747,1
1.3271709007747665,1
1.2787755118285251,2
0.652217998409892,1
-0.21553977899465548,1
-0.3209769790525534,1
-0.5345185817831213,1
3.7613533850194227,2
0.047271468105979986,1
-0.5046567506469788,2
-0.27588015796127807,1
0.2761688861414303,1
-1.5927221649397993,2
-0.18009273564467065,2
3.230177066310918,2
2.1014510958221395,1
1.3816032874147302,2
2.222967454582827,1
0.5621974364969279,1
-0.9387070973504561,2
0.12285024978817527,2
1.6550967120814843,2
0.597574599482574,1
-0.6944004184174968,1
-0.09166582144136415,1
1.5315194932619522,2
1.0318045234483473,2
-2.4354539525106444,2
2.072672799091265,1
-0.5326757237567425,1
0.31151838207250143,1
1.428820339863877,2
0.013869233285329852,1
0.5271696732705341,2
-1.3777732917784162,1
-1.0920072512684564,1
-1.2449160442577354,1
-0.32638683627312615,1
0.5835693370326581,1
1.598691044093282,1
0.7829958739144596,1
1.0825393782976314,2
2.6021121246212133,2
1.1042637321285034,1
0.6925960468293139,1
-0.22677360749037723,1
0.8114802380721396,2
-3.0843477663985963,2
1.2859163294116405,1
1.2971215144861838,1
-0.3638870522364652,2
1.2940111141770703,2
-0.13875792207819893,1
0.8160668526196907,1
2.2352443259570025,1
4.058256471745771,2
0.41895967524371414,2
1.3370029994326624,1
0.9377142869209333,1
1.2414809565389893,2
1.631038350138126,1
-0.32622429272353193,2
-0.0923827207843082,2
0.8364863460953279,1
3.5741602466738045,2
-2.282680337799754,2
0.6290316740019024,1
1.6179570869660924,1
4.022321377334343,2
3.093800980736318,2
-0.12448397850731907,1
2.7928228993600532,2
4.754249961791404,2
3.9707109674908825,2
0.7615541866513535,1
0.9853618679646352,1
1.0300339078335532,1
1.7249610093324346,1
0.4372809629387508,1
0.6392127644749012,1
0.6859415399756879,1
1.9681154617856993,1
4.336991054181449,2
-0.6225761646702472,1
1.4392989122300897,1
0.3351417464170239,2
1.2040325719665503,2
2.432213139839172,2
0.4850192807100655,1
2.7289810146354254,2
4.060533602751695,2
0.525796685508484,1
2.942433087896854,2
2.850532732279483,2
1.554230917222569,1
1.1342791409914972,1
0.8284464213920814,1
0.649009623943865,2
1.5948334522156502,2
0.5535035825749521,1
0.563625315215505,1
0.974455145767038,2
1.5307135577282116,2
-0.25228245479502065,1
2.4286378501845434,1
0.6792462085152713,1
3.027857655466131,2
5.78723652496004,2
1.05730737944956,1
-0.9120727949235556,1
1.5361558665079456,1
1.1585256866295357,1
-0.05593843891410788,1
-1.121392680521699,1
1.0930278738407049,1
-0.6459521384380904,1
1.7971133692514039,1
-0.4783463110063534,1
-0.16318893155667324,1
0.25021782838398177,1
2.9291285988414555,2
-0.26026417561717263,2
0.9934944272975761,1
0.35250626479936664,2
0.5517951619905996,1
-0.3039718721614181,1
-0.3873297629945319,1
0.7593650105385267,2
0.9383817866197645,1
5.1895118443396395,2
0.812529870915292,2
0.04428484022030954,1
1.3752781250651787,2
2.0130654937159456,1
-5.678891459926018,2
-0.634417346087627,2
-0.27337903408968556,1
0.5862902770472275,1
-0.4705357352259595,1
1.0412633104466669,1
3.130820194784456,2
0.7057636613815492,1
0.47614467551120215,1
-0.1626308919455286,1
4.020393614556297,2
1.55329627591732,1
0.3660449529380143,1
0.915505139495123,1
0.09768778862324706,1
0.671230423802506,1
0.13759289224941645,1
0.8655248523773124,1
0.5428758756234061,1
0.32316148177269133,1
1.395113442682575,1
1.2088248408782913,1
-0.7236112235080598,2
2.1188798675350764,1
0.6902129875145027,2
0.7729229445670915,1
1.1157575919752083,2
1.071022888285664,1
-0.7643985544774188,1
-1.0679568408124829,1
2.173842547371125,1
0.06486670516305243,1
-1.0499970957656344,1
-0.5478745299881349,1
0.8576531631415025,1
-0.2952826859444502,2
0.18423804749548628,1
-0.004567342378389405,1
2.1884792389042484,2
-1.655214690631981,1
0.2924310872467748,1
0.4526591107739044,1
0.1843801840289821,1
0.33819160765870654,1
1.1059310577039345,1
-0.428677334868519,1
-3.640231628574379,2
4.216941637833772,2
1.6345057345164784,2
0.46365074156784175,1
0.021194602157801667,1
0.9132380893148415,1
0.8550637483497063,1
-0.20674784488328846,1
0.1694141978881788,2
0.7232969824261672,1
0.012187534603011418,1
-1.154949434521112,1
1.738511767333828,2
0.6972264213249545,1
-0.6303433511062144,1
0.8707762514726336,2
0.1099295151027076,1
1.6167790521115672,1
0.5552993458630808,1
3.7097243017065296,2
1.315572606875931,1
1.9350559851271871,2
1.7217862541091795,1
-0.33873866696740595,2
0.8934105652210369,2
0.5414694208907318,2
0.2625038455051837,1
1.1322771623116816,1
0.7976723443708802,1
-0.09644798705290913,1
-0.21433534358856388,1
-0.19738407304861827,1
1.0285002300742558,1
2.1273770151225877,1
0.3102105579358384,1
0.7638350720421843,1
0.029133150774846073,1
0.29694453929907794,1
1.6167379529251575,1
1.0709978143677699,2
1.9020688886860602,2
-0.4317708793682483,1
0.7610907686943995,1
0.39571653715981814,1
1.806301039261997,1
1.6762838635910626,2
0.10555661590956866,1
0.5517448717309985,1
2.8547154497546092,2
0.49065572050985984,2
2.1496913966624067,2
1.1942170974524462,1
-1.8067036444314386,2
1.0140900322278814,1
4.096468625714494,2
-0.2941482107982639,1
0.39697979452797816,2
2.1202238184481246,1
1.329080054402164,1
0.5901286867525198,1
1.4537971193921884,1
2.4802523117230653,1
0.3967796371475225,1
2.9978106563829954,2
0.0329962010208914,1
2.7488426573683777,1
3.538332322161995,2
3.9487579651356985,2
0.4142089073352233,2
1.2009864022212398,1
2.1607002806055458,1
-0.3459401927833472,1
-0.1607405123323541,1
0.7340099693281142,1
0.4204297637347223,1
0.5612864798587908,1
-0.07775591602248677,1
1.759164317366929,2
0.8882480528951358,1
0.7137940685370556,2
1.465054105115505,1
0.9943894279191261,1
-0.3838114919876824,1
0.5574921114965066,1
2.3012504634936954,1
0.08479883779951958,1
-0.016646050769377307,1
0.21906654663116465,1
0.5576472595309745,1
1.2547860037784229,2
0.31103789090070355,1
-0.6956019414646708,1
-0.1433706401444752,2
0.2930574929426989,1
0.1888166487105657,1
-0.42854776307592723,1
0.8721021676777536,1
2.462237695587474,2
0.6914055282394133,1
0.19915622518533332,1
1.1892759821688357,1
1.8982108355495662,1
0.9055769790010358,1
-0.11060315397971043,1
-1.3534891393661197,1
0.019169012698379173,1
-0.14183851863157337,1
0.3544921698808449,1
-1.7228949740917807,2
2.370413040178563,2
1.089082899068542,2
3.8574473989896307,2
1.0375234386915744,1
1.1706347276238127,1
0.2752590397993965,1
0.3280756270955021,1
0.17710363335254897,1
-0.5999194809047725,1
2.1378523334350312,2
2.915947840015102,2
0.8721354952784823,1
-1.151044199022638,2
-0.8758860906555248,2
1.0064958783795694,2
-0.8653160183739832,2
1.6015529417598495,2
1.5553513761921,1
-0.24586836828494496,1
0.5173591229262793,1
0.7699541990723967,1
2.2954059212314424,2
-0.12605736129957446,1
0.2211498481049083,1
0.9351617489834018,1
1.4584416456591984,1
3.6717982615951597,2
0.04134924871767581,1
-1.6639888942652052,1
1.4938144513028848,1
-1.3911011307388592,2
-0.2395360275387658,1
1.1243366622058748,1
-0.5130483768023202,1
0.1667822591296464,2
1.252239964375832,1
1.0745181780414983,1
3.4194016371157714,2
0.5929879480211977,1
1.0278388800581775,2
-0.16275258307926477,1
0.6881402838066025,1
1.323015952241583,1
-0.6809829216660519,1
1.9303864103375505,1
0.23375328999084483,1
-0.7133714911534785,1
-0.5862672263964124,1
-0.6550314639644987,1
0.21477341365472397,1
0.10412450444594645,2
2.481851024048604,2
1.5281433748296638,1
1.5495800216226798,2
2.8876613737320076,2
0.6026816665501121,1
-0.16317321550360464,1
2.031626174158135,2
1.7794918962917579,1
1.4414897759282321,1
1.0882929163239292,1
0.8646425493996045,1
-0.02550849954311607,1
2.1584821164422254,2
2.0296668160387394,2
2.2858871393005105,1
1.925335664677572,1
-0.4446152445293493,1
3.664609547656947,2
0.8669629950087012,1
1.9361159678250022,1
-0.2955311973036875,1
3.3657187221441025,2
2.900967578463178,2
-1.0731657591109913,2
0.38095163600573145,1
1.7481386506123644,1
-0.27160854890065544,1
1.080354308688597,1
0.9398697544144236,2
0.29306855631770345,2
2.317455159082189,2
0.519142665592809,1
0.2896054355367356,1
2.7733571235371492,2
-0.8200935523093631,1
-0.362394674559801,1
-2.2580082332682845,2
1.4676000470021275,1
0.18515290987573052,1
-0.6025418052969456,1
0.5097190826864707,1
1.6974883363710254,1
0.010521278738111484,1
-4.097481947696041,2
-1.0223322506441312,1
0.590401708347737,1
-0.5925048105404678,2
-0.7324199751632674,1
1.617577293259416,1
1.4693365513089043,1
-0.3595682460692917,2
0.8670435301498386,1
1.174329052093745,1
0.5762761034972369,1
2.2211702789597134,2
0.5291110324775331,1
-3.846418835407057,2
3.518693520551324,2
0.4067012214772274,1
-1.7484319026411606,2
-0.1639946501079883,1
2.5456427546101392,2
-1.7451949090647205,1
-0.5518493506522124,2
1.05324190428153,1
0.191322035175519,1
-0.5624187895845698,2
-0.703608153452163,1
1.0919364420764637,1
0.8398558457885967,2
1.7145850839180836,2
1.4972362708316844,1
0.3624008173846872,1
1.7755104551190741,2
2.5882391113863967,1
0.05869053030600274,1
-0.37620109054142126,1
1.727510601660647,1
1.578251167867826,1
0.47316272055696373,1
-0.1567355583518657,1
0.23693437553908153,1
0.2812179597802015,1
0.3806612378338441,1
0.3996899906349729,2
0.2254730001666973,1
0.24285621616692354,1
3.0379831854382298,2
2.936219269659169,2
0.20525319672654152,1
1.701539250278675,2
-0.8575237777913456,1
1.5565366204552449,2
-0.3009100218762035,1
0.766334248658988,2
0.8279684374356496,2
0.46013871848640536,1
-0.459952317546495,1
1.1595733450836536,1
2.8373149905338897,2
1.7025293804555222,1
2.098679560177907,1
0.9852782863720835,1
0.7340606370527759,1
4.058466976836129,2
3.2177353212955446,2
-0.5992433410077802,1
1.6269536201905943,2
-0.28757753957006227,1
0.460907893308871,1
-0.09787717393662188,1
0.060504359502394744,1
2.5176057130207083,2
0.23857746167012633,1
-0.6095800885801788,1
-0.008603066181073205,1
0.04926412872365471,2
1.2427234296670633,1
-1.0800961234283046,2
0.6613012269775794,1
0.4813651375536778,1
0.9929396801711208,1
0.08559097688008788,1
1.425110872638312,1
1.318530673667092,1
0.8237918272953703,2
-1.1186118625825872,2
2.523591417591533,1
1.6504492473656736,1
1.2631229848914334,1
-1.5959224099676486,2
0.5987658991914618,1
1.0351883107133963,1
-0.30142474018110066,1
0.7294256705070502,1
-0.3211199873325261,2
0.17268424964878598,1
0.6910066324074325,1
0.4598285813539051,1
1.4909421715408167,2
1.407789044300352,1
1.2175591368454897,2
-1.7428279981020145,2
0.6280005435736054,1
2.857459671698771,1
2.5466047499106663,2
-1.2280359043921565,1
2.419021353069235,1
0.8409758961087831,1
1.6532455900170449,1
-0.33572253073940805,1
-1.1377672826842844,1
0.4228171340657422,1
2.2877383778212383,2
4.200575495660039,1
0.8001941730211997,1
-0.37822559466642214,2
0.045261707655184,1
-0.47469502873296554,1
-0.44456283439160116,1
-0.09626208088801746,1
2.06906656078889,1
0.8517323168718905,2
-0.08283210290853049,1
0.33488234717232346,1
0.909000821669053,2
1.390445640564714,2
1.2005573265725675,1
1.7136932941774548,1
1.450031970206272,1
0.2697624220274644,1
-0.16655246307115323,2
-0.9744997485995845,2
0.5161955826358411,2
1.4008259010350517,2
0.29342328853266453,1
0.6739626973337074,1
-0.2378712248513012,1
1.5174029615669886,1
0.6408799037494721,1
3.15249381492884,2
0.18076623332902908,1
1.6126170406209814,2
0.8729488255901967,1
0.47436393857293446,1
-0.8389707578603902,1
0.1346263082180983,1
1.1419786926177122,1
-1.4187555994612322,2
1.8785636733606337,2
3.1649123142797215,1
1.319756710934777,1
0.6482542537942616,1
1.624745279232086,2
3.259248286879268,1
-0.4490207519124402,1
4.1738473866689025,2
2.201427528151986,1
-0.628568769201689,1
0.38666884687838843,1
0.4253327718918497,1
1.6161779420606772,1
0.6329956465376994,1
1.6280825328755477,1
2.810472351205941,2
0.15944793480021674,1
-1.0342055583474552,1
-0.9355266878498867,1
0.15799275753972375,2
0.22670191300097559,1
-0.7775177573591112,1
-0.621031538073699,1
0.5922527561908436,1
0.544516925531722,2
-2.2905720087783967,2
-2.3764569185124995,2
-0.9417762539397179,2
0.7307901334051973,1
-0.14886522583381734,1
-0.652643698576719,1
-2.0831499473150696,2
-0.3291264046789326,1
-2.082805742267139,1
-3.5117528594409606,2
1.41071752064904,1
-0.45004008143418617,1
1.959615333987223,2
1.550168938080435,1
-0.8964843466054637,1
-1.9036802972152942,1
0.9062220800717631,1
0.34373272870135857,1
-0.9193615262465167,1
-1.0922940560585255,1
-0.39437411724019045,1
1.850502741614481,1
2.1501618375114053,1
4.22158962169426,2
1.01527990659344,1
4.411575499434723,2
0.7766572016757072,2
0.2447742528173552,1
-3.537298023954172,2
-1.9964996396812102,1
0.7477435413558907,1
-0.40707394433023925,1
0.3437883520702901,1
0.6818510464993266,1
0.6896907156618443,1
0.9265861215095295,1
-0.2140671151974588,1
1.019852720304653,1
2.1170194390008197,1
-0.6862829408697775,1
4.798494496246888,2
-1.1648582294365504,1
-0.25362327866285594,1
0.39435189479084337,1
0.3997225678122227,1
1.1631573096078425,1
0.5593105103002501,1
0.20074097623252263,1
0.05754135819829953,1
-0.643668415473666,1
0.08923574505498677,1
0.17390269840986072,2
3.9448513548759045,2
-0.06894545687929898,1
1.6812982115409822,1
0.5376224736357726,1
-5.168111995930888,2
0.1415442671085192,1
2.218207741954993,2
-0.42219798267342123,1
3.544591980745376,2
4.784056296018759,2
0.40865422591385414,1
-1.6702778828478344,1
-0.8054209456437071,1
2.3048766455653715,1
2.0740758603321554,1
1.4384599520472015,1
-0.47904441625488203,1
0.3895814325837982,2
0.9382835027806231,1
1.1826503529046728,1
1.1500090362591697,1
-0.36976300262010064,2
0.74913235297066,1
0.286264807195726,1
0.2409227439556365,1
-1.2218468393776798,1
-2.8194499322679967,2
-0.9398546068392186,1
2.108538172652437,1
1.659505462938523,1
0.4035084713684198,1
-0.8920863062870616,1
5.452144083605231,2
0.7640110958262484,1
0.1805458629813254,1
1.5030528226022606,1
2.2532877281048087,1
1.0518733095142356,1
-0.5601365618890113,1
2.8871783763464567,1
-0.03226191386129229,1
1.1244985338225213,1
-0.723445574654894,1
0.45440650211196365,1
2.451173629826866,2
0.5936394261987102,1
0.21294944008441208,1
2.129720006273015,2
-0.33474628342669777,1
-1.0488429512751265,1
2.152413585289478,2
-0.05176465542342634,2
-0.5018883682328792,1
-1.124362747245917,1
2.678431288191721,2
-0.3438582489485975,2
-0.3562375486060958,1
0.37158229415562594,2
5.709850930390307,2
0.7919857975421304,2
2.180940230119243,1
0.35198102091717093,1
-0.4160602420858269,1
1.0557410181030806,1
1.2213707587231757,1
0.5740695428642711,1
1.000407277162868,2
-0.23036970799231937,1
1.2128068224086372,1
-0.33186248552070685,2
0.542185121655676,1
-0.9729836429286236,1
-1.0831475774121164,1
1.734961976463607,1
3.143083764897241,2
2.4670517558189786,2
0.5732730790484635,2
0.8430763133479551,1
4.117489721420389,2
-0.5079785676725044,1
1.270116497847165,1
-1.1533887329781547,2
-0.9240148480916037,1
-0.45798768856955796,1
-1.5219356240672783,1
-0.004662708930240678,1
0.625268283022151,1
-0.5843018953577741,2
-0.9974964800557666,2
1.3087189868614804,1
1.9566822176052383,1
1.5325216776764596,1
0.021308420662219274,2
-0.25674787554163725,2
0.33887761121382315,1
0.868169901465571,1
0.30343518272755576,1
1.4746471128084004,2
3.151393265043995,2
0.7964854089176584,2
0.9025137514616499,1
0.8919029247380862,1
1.3094571797626777,2
1.2271499765486689,1
0.7582786610717858,1
0.06836466158289589,1
0.22367072681042932,2
1.461605046415698,1
1.613464275584228,1
0.6778134201053381,1
-0.17097951394899957,1
-0.5542476955915174,1
0.7974291674889334,1
1.3508170057872841,1
0.8887591417471481,1
-0.1471353916903304,1
1.029346616763215,1
1.058397448471845,1
2.0114477229358196,2
0.2991539383602273,2
0.4603703428825754,1
2.5371449845369387,1
1.3262959346461514,2
-1.5191383541471368,2
-1.6745850989169155,1
1.8024561200630151,1
2.837173561970591,2
-0.3962662231783729,2
2.445473101139493,1
-0.07524687606909852,2
2.4642371675530095,2
0.7139515365018223,1
-0.7091519737293301,1
0.4778671891485029,1
0.17589747134529288,2
0.5077909508987861,2
-1.2428211657387878,2
-0.07701552354186347,1
1.2420481050007304,1
0.6799119154074706,1
2.2745287043820115,1
0.9836378988744441,1
1.4013030305065233,1
-0.09810369335213898,1
3.0724947072118103,2
4.356019917832255,2
0.6714911467431761,1
-0.8270697236710434,1
1.3249256733002284,1
0.4849932441864657,1
0.8065015537232846,2
1.2383147932094802,2
0.774361333290954,1
4.294394204475259,2
0.834994577264361,1
-1.2766593772119874,1
0.40879846319830937,2
1.6310351120618043,1
-0.21595462044528335,1
0.5185619222360165,2
-1.087351519495261,1
0.8022039246163102,1
0.4769548522616875,1
-1.1041356481993794,1
0.010352537385358684,1
0.20780052014824923,1
2.5734699976033926,1
1.977149932897984,1
1.717338505937061,2
8.822657240631868,2
0.572442395152412,1
0.06447086435434457,2
-1.6920924581106247,1
3.461995586138349,2
-2.3759374242532476,2
4.306072767252418,2
0.8025006335641375,1
-0.12525423438222372,1
2.377533255319408,2
1.4988136161610428,1
1.258063028133831,1
-0.3640608239919223,1
-0.045181370960523104,1
0.23875209022954136,2
-1.1938936403034057,1
1.8391636969309448,1
0.1411990929455874,1
0.6251215009772824,1
0.6886813201814949,1
-1.042791384120302,1
0.5479699103258155,1
0.5180873547716867,1
1.3303698450653356,1
1.0229296835613821,1
-0.243312457994465,2
1.7520906155819296,1
-2.634597039725076,2
2.132655525994664,1
1.3057855661534417,1
0.9267341316714262,1
0.8848493105618389,2
0.6680726656146335,1
-2.058792150664964,2
0.1800708396649472,1
0.305272836104275,1
0.9796258367346427,1
1.6239348352075265,1
-0.6789861798131818,2
2.2153210756524775,1
-0.28378788149161205,1
1.5635898515029552,2
3.327162064058368,2
0.08977720539705303,1
0.5841190187630887,1
1.4095111466455041,1
-2.024601350549307,1
1.61223878348599,1
-0.2079457414457635,1
-1.077176110311095,2
0.4157615053064456,1
-1.6178240178347116,1
0.27486812207515054,1
5.514469355529193,2
-0.06486082702646112,1
0.026309268102434946,1
-1.2514338226457649,2
-0.21317376236446073,1
3.986218474634771,2
-0.753894007577927,1
0.23487982538620417,1
0.8349961936567397,1
2.0420755276086244,2
2.0731589816073592,1
0.11510451648963743,1
0.7710607379218426,1
2.51026830801812,2
-2.132588040894138,2
2.1701325692381337,2
-0.2734862394926876,2
-0.6366412401763426,1
2.4298961841347637,1
0.7303131948050587,1
0.12904120323294604,1
1.053248518464542,1
0.939401902940158,2
6.31130034373371,2
2.0652666025679602,1
2.261816477773338,1
2.0955305365647936,2
0.8132378649832852,1
0.7563137098952081,2
2.7357458990037347,1
2.0031293435685558,1
-0.16868210079514745,1
0.21703096381437076,1
-0.1375592592631334,1
-1.5145528872200464,1
-0.4303798544538534,1
2.2261026987350823,1
0.5757901916753994,1
2.1520280276544113,1
-0.9120026187272472,1
1.2739912092117744,1
0.6927650964793937,2
1.9408155937608613,1
3.9306172398846937,2
1.7263806079852622,2
1.8880106869163642,1
0.7725022036133554,1
1.0835016587391253,1
0.8805809818790837,1
1.1154807007992098,2
2.116324407730407,1
1.1798866180998455,2
-0.7728345690890746,1
1.6299492276185226,1
3.303484888976425,2
0.8002583881183019,2
-0.6169870667472885,1
-1.4883133579743495,2
6.247536742193425,2
-0.6412410897595888,1
1.2440933525676827,1
1.0137164717846048,1
-0.038112291217165195,1
-2.69367640450105,2
1.7131735460536246,1
-0.3882347136085471,2
1.6074097388369828,1
0.588684975859204,2
1.656023823589474,1
0.7683454235488628,1
-2.1367752939527653,1
2.241394798490142,2
1.8359267556941525,1
1.1377647170890488,1
3.481636319677707,2
0.7338263909046346,1
3.3519579682058316,2
0.9174907750222829,1
-0.11855498174160972,1
-0.18469810991075586,1
1.9955959412686508,1
1.4745286875376258,2
-0.08541807544303481,1
1.5712895938839522,1
2.8801183136657085,1
-0.1504362361390974,1
0.16313110346813925,1
-0.034345319286492426,2
1.2574715374877878,1
2.734320732756837,2
1.600509297516664,2
1.9238543046188668,1
0.028748610780473693,1
0.05065183822139546,1
-0.27208354217354325,2
-1.879375127163951,2
0.08698385285320864,2
-0.4788774217153804,1
-0.09909026678401345,1
0.9412261576487617,1
1.6282726724787036,1
-0.07126442369793629,1
1.128993686326593,2
3.1086594221365633,2
-0.9663555283350338,2
-0.20845503818243594,1
-0.026201598373205237,1
1.6176947345285901,1
0.8552856663793197,2
0.2629720979856375,1
1.4212594721329217,1
1.0233487776643,1
-1.250401891910188,1
0.6289678822067503,1
0.9021684762679969,1
0.6645390165238444,2
-1.6041003499939683,2
-1.0270786969445387,1
0.07019195080675561,1
2.112137461978689,2
0.04439796029110232,1
0.05579760090489466,1
-0.6058063443280022,1
1.3842808517503977,1
0.22276198202095626,1
0.040256241303363915,1
-1.5556201424730345,1
-1.9939178569923444,2
-0.36817734472339514,1
-1.1003518263433811,2
0.3483196832136496,1
1.0482269684625165,1
0.9418710474443577,1
0.7720175704547156,1
0.7468906881526012,1
2.2259885624372924,1
1.3891893710340106,1
-0.11467883546345015,1
0.5454367353262076,1
1.04952313373042,1
0.655950148629014,2
-0.08313897092128486,1
-1.097602856417149,1
1.7218095138004195,2
2.085557125293527,2
1.0560509872687582,1
0.7462749357875462,1
3.581714102898627,2
2.9568232233248697,2
0.22487652941048641,2
-3.275959024970205,2
-0.7813182266933507,1
1.2198407737855534,2
1.837649210161852,1
0.4416893083534849,1
0.7512226847157625,1
-0.2962124515765543,1
0.6276971449272823,1
0.8192269642319661,1
3.55227811064925,2
1.303224826906827,2
-1.4951712612650447,2
0.8759171745947272,1
-1.0296975431319122,1
-1.7846612588162545,1
1.0893688633066785,1
-0.19742878788856,1
1.279956803148083,2
0.8587248647678609,2
2.949495278353322,1
0.08905107946223978,1
0.2837436701437912,2
-0.017967159421249268,1
1.3133447755342593,1
-0.048308162548215794,1
1.1979676015021552,1
5.662976857462082,2
-0.15071005624961342,1
1.424642014210372,2
-1.3344397030974078,1
0.13720758473925332,1
0.9329380855663993,2
-0.71995637385208,1
0.4018850456571593,1
1.7094334482370206,2
-0.27227510343781003,1
-0.3204506055168125,1
1.3190018252322635,1
0.4282362139720618,1
-0.3158792329937783,2
0.7689139223291186,1
2.091515199000662,2
0.7892547862541924,2
0.018820296938355463,1
1.1102447735617447,1
0.9632947567473775,1
0.24115572382357497,1
0.5984060446463696,1
-0.7864343465215389,1
-0.28823840678916024,1
0.40690927138188343,1
2.7975895773911983,2
1.2560654440534635,1
-0.7796573040800838,1
2.7849990601134014,1
1.2933280964595524,2
0.5723369408108251,1
2.6004270476582567,2
1.5754055807396223,1
-0.47857538460156124,1
-2.8352668050884633,2
-1.1810167153806606,1
1.6903471264348833,1
1.1633687527623877,2
0.9005159904577558,1
0.36374822030361753,1
1.2894965910167089,1
1.7384959825291437,2
-1.5309395049251604,2
-2.042110629152439,2
-2.35222423376188,2
-0.10530979436853494,1
0.9837332942618968,1
1.0503067155798433,1
0.07196054813673097,1
0.3239257023915332,1
-0.47044317566628013,2
1.9359173918875414,2
-0.35792125165659394,1
-0.5393868615560038,1
0.7333689236560579,1
1.466566002220211,1
1.1079873403086027,1
-1.0526943305614846,1
-0.3813434784619619,1
0.509957060549079,1
-0.20815544555185284,1
0.8824943999557047,1
5.729471342979883,2
0.11080925947708686,2
3.6422350673370723,2
3.6644097831428737,1
-0.4667039267838038,1
0.4072289401712702,1
0.4064799045836715,1
-0.020586238652019362,1
0.7306787366306724,1
-0.4633273730134513,2
-0.35260541986004657,1
0.5455249894664559,1
0.2409327538975759,1
0.8267216685657025,2
-2.203292668309929,1
0.8414592293596058,1
1.5357229716647816,1
0.9305553181371293,2
0.9137158762853325,1
1.0080177382441187,1
0.5200020370580195,1
0.3334955451362432,1
-0.04465459893471624,2
1.3897544060969875,1
-1.3054694252042944,1
-2.704077502800825,2
0.20351927928762353,1
-0.18827606481367265,1
0.2660430089630481,1
1.3219587482612722,2
1.6813583102974694,2
0.1736089514129564,1
1.6542590971481015,1
1.9681889955373222,1
1.4183620969631328,1
1.9143893902235476,1
0.16805545517851783,1
-0.9567207705553586,1
1.6487358244405237,1
0.1861469301345683,2
0.24672079764702665,1
-0.28542846652392506,1
-0.3765788890530326,1
0.35276884320368285,1
4.376515824620787,2
0.22886296060482098,1
1.3410462710589077,1
0.5673372858675853,1
-0.927301997511695,1
3.6100261448315054,2
4.987565607393871,2
0.0009716358822862148,2
-1.219513672722667,1
-1.0360018987815949,1
-0.07122217055750013,1
-0.2696250224028973,1
0.17007728400175198,1
-0.06289482207927555,1
-1.1852044583724939,1
1.0218667449343095,1
2.95865173824086,2
1.4068472797013936,1
0.734207654906688,1
-0.9304188051537321,1
2.0292409341926083,1
3.8109995165077377,2
0.11114596804816618,1
0.2653332890806581,1
2.408226286156383,2
0.1711563473669831,1
2.0183090424070316,1
-0.9412793064180172,1
2.935768772496875,2
1.2910401043196815,1
0.7793764786127804,2
0.2982699652108266,1
1.0935034886848987,1
0.2869553259554725,1
0.8620830023593848,1
-0.027444937092039656,1
-3.2924501644300097,2
1.4009369840807984,1
-0.015676426684508304,1
3.537373081078455,2
